Security,Weight,Daily Return,Contribution
MSCI World ETF,55.0,-0.4382,-0.241020930460954
Global Aggregate Bond ETF,25.0,0.1977,0.0494130015770089
FTSE 100 ETF,10.0,0.6221,0.0622068177314783
US Treasury ETF,10.0,0.2574,0.02574332214750452
