Metric,Value
Portfolio Return,-0.06490912396983006
Benchmark Return,-0.10365778900496227
Excess Return,0.03874866503513221
Volatility,0.042190297293346654
Sharpe Ratio,0.22203776428926897
Maximum Drawdown,-24.821224826400645
Portfolio Value,100000000.0
Total Holdings,12.0
