Metric,Value
Volatility,0.042190297293346654
Sharpe Ratio,0.22203776428926897
Maximum Drawdown,-24.821224826400645
